Basic,basic/test_basic wg_barrier
Basic,basic/test_basic arrayreadwrite
Basic,basic/test_basic async_copy_local_to_global
Basic,basic/test_basic async_strided_copy_global_to_local
Basic,basic/test_basic async_strided_copy_local_to_global
Basic,basic/test_basic async_copy_global_to_local2D
Basic,basic/test_basic async_copy_local_to_global2D
Basic,basic/test_basic async_copy_global_to_local3D
Basic,basic/test_basic async_copy_local_to_global3D
Basic,basic/test_basic async_work_group_copy_fence_import_after_export_aliased_local
Basic,basic/test_basic async_work_group_copy_fence_import_after_export_aliased_global
Basic,basic/test_basic async_work_group_copy_fence_import_after_export_aliased_global_and_local
Basic,basic/test_basic async_work_group_copy_fence_export_after_import_aliased_local
Basic,basic/test_basic async_work_group_copy_fence_export_after_import_aliased_global
Basic,basic/test_basic async_work_group_copy_fence_export_after_import_aliased_global_and_local
Basic,basic/test_basic prefetch
Basic,basic/test_basic progvar_prog_scope_misc
Basic,basic/test_basic progvar_prog_scope_uninit
Basic,basic/test_basic progvar_prog_scope_init
Basic,basic/test_basic progvar_func_scope
Basic,basic/test_basic global_linear_id
Basic,basic/test_basic local_linear_id
Basic,basic/test_basic enqueued_local_size
Basic,basic/test_basic simple_read_image_pitch
Basic,basic/test_basic simple_write_image_pitch
Basic,basic/test_basic get_linear_ids
Basic,basic/test_basic rw_image_access_qualifier
Basic,basic/test_basic vector_swizzle

API,api/test_api get_sampler_info_compatibility
API,api/test_api get_command_queue_info_compatibility
API,api/test_api kernel_attributes
API,api/test_api retain_mem_object_set_kernel_arg
API,api/test_api context_destructor_callback
API,api/test_api queue_flush_on_release
API,api/test_api queue_hint
API,api/test_api queue_properties
API,api/test_api clone_kernel
API,api/test_api zero_sized_enqueue
API,api/test_api min_image_formats
API,api/test_api negative_get_platform_info
API,api/test_api negative_get_platform_ids
API,api/test_api kernel_private_memory_size
API,api/test_api buffer_properties_queries
API,api/test_api image_properties_queries
API,api/test_api queue_properties_queries
API,api/test_api pipe_properties_queries
API,api/test_api consistency_svm
API,api/test_api consistency_memory_model
API,api/test_api consistency_device_enqueue
API,api/test_api consistency_pipes
API,api/test_api consistency_progvar
API,api/test_api consistency_non_uniform_work_group
API,api/test_api consistency_read_write_images
API,api/test_api consistency_2d_image_from_buffer
API,api/test_api consistency_depth_images
API,api/test_api consistency_device_and_host_timer
API,api/test_api consistency_il_programs
API,api/test_api consistency_subgroups
API,api/test_api consistency_prog_ctor_dtor
API,api/test_api consistency_3d_image_writes
Compiler,compiler/test_compiler pragma_unroll
Compiler,compiler/test_compiler unload_valid
Compiler,compiler/test_compiler unload_repeated
Compiler,compiler/test_compiler unload_compile_unload_link
Compiler,compiler/test_compiler unload_build_unload_create_kernel
Compiler,compiler/test_compiler unload_link_different
Compiler,compiler/test_compiler unload_build_threaded
Compiler,compiler/test_compiler unload_build_info
Compiler,compiler/test_compiler unload_program_binaries
Compiler,compiler/test_compiler opencl_c_versions
Compiler,compiler/test_compiler features_macro

Thread Dimensions,thread_dimensions/test_thread_dimensions quick_3d_explicit_local
Profiling,profiling/test_profiling read_image_char
Profiling,profiling/test_profiling read_image_uchar
Device Partitioning,device_partition/test_device_partition partition_all
Buffers,buffers/test_buffers sub_buffers_read_write_dual_devices

Images (API Info),images/clGetInfo/test_cl_get_info

Images (Kernel Methods),images/kernel_image_methods/test_kernel_image_methods

Images (Kernel),images/kernel_read_write/test_image_streams 1D CL_FILTER_NEAREST
Images (Kernel),images/kernel_read_write/test_image_streams 2D CL_FILTER_NEAREST
Images (Kernel),images/kernel_read_write/test_image_streams 3D CL_FILTER_NEAREST
Images (Kernel),images/kernel_read_write/test_image_streams 1Darray CL_FILTER_NEAREST
Images (Kernel),images/kernel_read_write/test_image_streams 2Darray CL_FILTER_NEAREST

Images (Kernel pitch),images/kernel_read_write/test_image_streams 1D use_pitches CL_FILTER_NEAREST
Images (Kernel pitch),images/kernel_read_write/test_image_streams 2D use_pitches CL_FILTER_NEAREST
Images (Kernel pitch),images/kernel_read_write/test_image_streams 3D use_pitches CL_FILTER_NEAREST
Images (Kernel pitch),images/kernel_read_write/test_image_streams 1Darray use_pitches CL_FILTER_NEAREST
Images (Kernel pitch),images/kernel_read_write/test_image_streams 2Darray use_pitches CL_FILTER_NEAREST

Images (Kernel max size),images/kernel_read_write/test_image_streams 1D max_images CL_FILTER_NEAREST
Images (Kernel max size),images/kernel_read_write/test_image_streams 2D max_images CL_FILTER_NEAREST
Images (Kernel max size),images/kernel_read_write/test_image_streams 3D max_images CL_FILTER_NEAREST
Images (Kernel max size),images/kernel_read_write/test_image_streams 1Darray max_images CL_FILTER_NEAREST
Images (Kernel max size),images/kernel_read_write/test_image_streams 2Darray max_images CL_FILTER_NEAREST

Images (clCopyImage),images/clCopyImage/test_cl_copy_images 1D
Images (clCopyImage),images/clCopyImage/test_cl_copy_images 2D
Images (clCopyImage),images/clCopyImage/test_cl_copy_images 3D
Images (clCopyImage),images/clCopyImage/test_cl_copy_images 1Darray
Images (clCopyImage),images/clCopyImage/test_cl_copy_images 2Darray

Images (clCopyImage small),images/clCopyImage/test_cl_copy_images small_images 1D
Images (clCopyImage small),images/clCopyImage/test_cl_copy_images small_images 2D
Images (clCopyImage small),images/clCopyImage/test_cl_copy_images small_images 3D
Images (clCopyImage small),images/clCopyImage/test_cl_copy_images small_images 1Darray
Images (clCopyImage small),images/clCopyImage/test_cl_copy_images small_images 2Darray

Images (clCopyImage max size),images/clCopyImage/test_cl_copy_images max_images 1D
Images (clCopyImage max size),images/clCopyImage/test_cl_copy_images max_images 2D
Images (clCopyImage max size),images/clCopyImage/test_cl_copy_images max_images 3D
Images (clCopyImage max size),images/clCopyImage/test_cl_copy_images max_images 1Darray
Images (clCopyImage max size),images/clCopyImage/test_cl_copy_images max_images 2Darray

Images (clReadWriteImage),images/clReadWriteImage/test_cl_read_write_images 1D
Images (clReadWriteImage),images/clReadWriteImage/test_cl_read_write_images 2D
Images (clReadWriteImage),images/clReadWriteImage/test_cl_read_write_images 3D
Images (clReadWriteImage),images/clReadWriteImage/test_cl_read_write_images 1Darray
Images (clReadWriteImage),images/clReadWriteImage/test_cl_read_write_images 2Darray

Images (clReadWriteImage pitch),images/clReadWriteImage/test_cl_read_write_images use_pitches 1D
Images (clReadWriteImage pitch),images/clReadWriteImage/test_cl_read_write_images use_pitches 2D
Images (clReadWriteImage pitch),images/clReadWriteImage/test_cl_read_write_images use_pitches 3D
Images (clReadWriteImage pitch),images/clReadWriteImage/test_cl_read_write_images use_pitches 1Darray
Images (clReadWriteImage pitch),images/clReadWriteImage/test_cl_read_write_images use_pitches 2Darray

Images (clReadWriteImage max size),images/clReadWriteImage/test_cl_read_write_images max_images 1D
Images (clReadWriteImage max size),images/clReadWriteImage/test_cl_read_write_images max_images 2D
Images (clReadWriteImage max size),images/clReadWriteImage/test_cl_read_write_images max_images 3D
Images (clReadWriteImage max size),images/clReadWriteImage/test_cl_read_write_images max_images 1Darray
Images (clReadWriteImage max size),images/clReadWriteImage/test_cl_read_write_images max_images 2Darray

Images (clFillImage),images/clFillImage/test_cl_fill_images 1D
Images (clFillImage),images/clFillImage/test_cl_fill_images 2D
Images (clFillImage),images/clFillImage/test_cl_fill_images 3D
Images (clFillImage),images/clFillImage/test_cl_fill_images 1Darray
Images (clFillImage),images/clFillImage/test_cl_fill_images 2Darray

Images (clFillImage pitch),images/clFillImage/test_cl_fill_images use_pitches 1D
Images (clFillImage pitch),images/clFillImage/test_cl_fill_images use_pitches 2D
Images (clFillImage pitch),images/clFillImage/test_cl_fill_images use_pitches 3D
Images (clFillImage pitch),images/clFillImage/test_cl_fill_images use_pitches 1Darray
Images (clFillImage pitch),images/clFillImage/test_cl_fill_images use_pitches 2Darray

Images (clFillImage max size),images/clFillImage/test_cl_fill_images max_images 1D
Images (clFillImage max size),images/clFillImage/test_cl_fill_images max_images 2D
Images (clFillImage max size),images/clFillImage/test_cl_fill_images max_images 3D
Images (clFillImage max size),images/clFillImage/test_cl_fill_images max_images 1Darray
Images (clFillImage max size),images/clFillImage/test_cl_fill_images max_images 2Darray

Images (Samplerless),images/samplerlessReads/test_samplerless_reads 1D
Images (Samplerless),images/samplerlessReads/test_samplerless_reads 2D
Images (Samplerless),images/samplerlessReads/test_samplerless_reads 3D
Images (Samplerless),images/samplerlessReads/test_samplerless_reads 1Darray
Images (Samplerless),images/samplerlessReads/test_samplerless_reads 2Darray

Images (Samplerless pitch),images/samplerlessReads/test_samplerless_reads use_pitches 1D
Images (Samplerless pitch),images/samplerlessReads/test_samplerless_reads use_pitches 2D
Images (Samplerless pitch),images/samplerlessReads/test_samplerless_reads use_pitches 3D
Images (Samplerless pitch),images/samplerlessReads/test_samplerless_reads use_pitches 1Darray
Images (Samplerless pitch),images/samplerlessReads/test_samplerless_reads use_pitches 2Darray

Images (Samplerless max size),images/samplerlessReads/test_samplerless_reads max_images 1D
Images (Samplerless max size),images/samplerlessReads/test_samplerless_reads max_images 2D
Images (Samplerless max size),images/samplerlessReads/test_samplerless_reads max_images 3D
Images (Samplerless max size),images/samplerlessReads/test_samplerless_reads max_images 1Darray
Images (Samplerless max size),images/samplerlessReads/test_samplerless_reads max_images 2Darray

CL_DEVICE_TYPE_CPU, Images (Kernel CL_FILTER_LINEAR),images/kernel_read_write/test_image_streams CL_FILTER_LINEAR 1D
CL_DEVICE_TYPE_CPU, Images (Kernel CL_FILTER_LINEAR),images/kernel_read_write/test_image_streams CL_FILTER_LINEAR 2D
CL_DEVICE_TYPE_CPU, Images (Kernel CL_FILTER_LINEAR),images/kernel_read_write/test_image_streams CL_FILTER_LINEAR 3D
CL_DEVICE_TYPE_CPU, Images (Kernel CL_FILTER_LINEAR),images/kernel_read_write/test_image_streams CL_FILTER_LINEAR 1Darray
CL_DEVICE_TYPE_CPU, Images (Kernel CL_FILTER_LINEAR),images/kernel_read_write/test_image_streams CL_FILTER_LINEAR 2Darray

CL_DEVICE_TYPE_CPU, Images (Kernel CL_FILTER_LINEAR pitch),images/kernel_read_write/test_image_streams use_pitches CL_FILTER_LINEAR 1D
CL_DEVICE_TYPE_CPU, Images (Kernel CL_FILTER_LINEAR pitch),images/kernel_read_write/test_image_streams use_pitches CL_FILTER_LINEAR 2D
CL_DEVICE_TYPE_CPU, Images (Kernel CL_FILTER_LINEAR pitch),images/kernel_read_write/test_image_streams use_pitches CL_FILTER_LINEAR 3D
CL_DEVICE_TYPE_CPU, Images (Kernel CL_FILTER_LINEAR pitch),images/kernel_read_write/test_image_streams use_pitches CL_FILTER_LINEAR 1Darray
CL_DEVICE_TYPE_CPU, Images (Kernel CL_FILTER_LINEAR pitch),images/kernel_read_write/test_image_streams use_pitches CL_FILTER_LINEAR 2Darray

CL_DEVICE_TYPE_CPU, Images (Kernel CL_FILTER_LINEAR max size),images/kernel_read_write/test_image_streams max_images CL_FILTER_LINEAR 1D
CL_DEVICE_TYPE_CPU, Images (Kernel CL_FILTER_LINEAR max size),images/kernel_read_write/test_image_streams max_images CL_FILTER_LINEAR 2D
CL_DEVICE_TYPE_CPU, Images (Kernel CL_FILTER_LINEAR max size),images/kernel_read_write/test_image_streams max_images CL_FILTER_LINEAR 3D
CL_DEVICE_TYPE_CPU, Images (Kernel CL_FILTER_LINEAR max size),images/kernel_read_write/test_image_streams max_images CL_FILTER_LINEAR 1Darray
CL_DEVICE_TYPE_CPU, Images (Kernel CL_FILTER_LINEAR max size),images/kernel_read_write/test_image_streams max_images CL_FILTER_LINEAR 2Darray

OpenCL-GL Sharing,gl/test_gl

Select,select/test_select select_double_ulong -w
Select,select/test_select select_double_long -w
Conversions,conversions/test_conversions char_uchar -w
Conversions,conversions/test_conversions char_rte_uchar -w
Conversions,conversions/test_conversions char_rtn_uchar -w
Conversions,conversions/test_conversions char_rtp_uchar -w
Conversions,conversions/test_conversions char_rtz_uchar -w
Conversions,conversions/test_conversions char_short -w
Conversions,conversions/test_conversions char_rte_short -w
Conversions,conversions/test_conversions char_rtn_short -w
Conversions,conversions/test_conversions char_rtp_short -w
Conversions,conversions/test_conversions char_rtz_short -w
Conversions,conversions/test_conversions char_ushort -w
Conversions,conversions/test_conversions char_rte_ushort -w
Conversions,conversions/test_conversions char_rtn_ushort -w
Conversions,conversions/test_conversions char_rtp_ushort -w
Conversions,conversions/test_conversions char_rtz_ushort -w
Conversions,conversions/test_conversions char_int -w
Conversions,conversions/test_conversions char_rte_int -w
Conversions,conversions/test_conversions char_rtn_int -w
Conversions,conversions/test_conversions char_rtp_int -w
Conversions,conversions/test_conversions char_rtz_int -w
Conversions,conversions/test_conversions char_uint -w
Conversions,conversions/test_conversions char_rte_uint -w
Conversions,conversions/test_conversions char_rtn_uint -w
Conversions,conversions/test_conversions char_rtp_uint -w
Conversions,conversions/test_conversions char_rtz_uint -w
Conversions,conversions/test_conversions char_long -w
Conversions,conversions/test_conversions char_rte_long -w
Conversions,conversions/test_conversions char_rtn_long -w
Conversions,conversions/test_conversions char_rtp_long -w
Conversions,conversions/test_conversions char_rtz_long -w
Conversions,conversions/test_conversions char_ulong -w
Conversions,conversions/test_conversions char_rte_ulong -w
Conversions,conversions/test_conversions char_rtn_ulong -w
Conversions,conversions/test_conversions char_rtp_ulong -w
Conversions,conversions/test_conversions char_rtz_ulong -w
Conversions,conversions/test_conversions char_float -w
Conversions,conversions/test_conversions char_rte_float -w
Conversions,conversions/test_conversions char_rtn_float -w
Conversions,conversions/test_conversions char_rtp_float -w
Conversions,conversions/test_conversions char_rtz_float -w
Conversions,conversions/test_conversions char_double -w
Conversions,conversions/test_conversions char_rte_double -w
Conversions,conversions/test_conversions char_rtn_double -w
Conversions,conversions/test_conversions char_rtp_double -w
Conversions,conversions/test_conversions char_rtz_double -w
Conversions,conversions/test_conversions char_sat_char -w
Conversions,conversions/test_conversions char_sat_rte_char -w
Conversions,conversions/test_conversions char_sat_rtn_char -w
Conversions,conversions/test_conversions char_sat_rtp_char -w
Conversions,conversions/test_conversions char_sat_rtz_char -w
Conversions,conversions/test_conversions char_sat_uchar -w
Conversions,conversions/test_conversions char_sat_rte_uchar -w
Conversions,conversions/test_conversions char_sat_rtn_uchar -w
Conversions,conversions/test_conversions char_sat_rtp_uchar -w
Conversions,conversions/test_conversions char_sat_rtz_uchar -w
Conversions,conversions/test_conversions char_sat_short -w
Conversions,conversions/test_conversions char_sat_rte_short -w
Conversions,conversions/test_conversions char_sat_rtn_short -w
Conversions,conversions/test_conversions char_sat_rtp_short -w
Conversions,conversions/test_conversions char_sat_rtz_short -w
Conversions,conversions/test_conversions char_sat_ushort -w
Conversions,conversions/test_conversions char_sat_rte_ushort -w
Conversions,conversions/test_conversions char_sat_rtn_ushort -w
Conversions,conversions/test_conversions char_sat_rtp_ushort -w
Conversions,conversions/test_conversions char_sat_rtz_ushort -w
Conversions,conversions/test_conversions char_sat_int -w
Conversions,conversions/test_conversions char_sat_rte_int -w
Conversions,conversions/test_conversions char_sat_rtn_int -w
Conversions,conversions/test_conversions char_sat_rtp_int -w
Conversions,conversions/test_conversions char_sat_rtz_int -w
Conversions,conversions/test_conversions char_sat_uint -w
Conversions,conversions/test_conversions char_sat_rte_uint -w
Conversions,conversions/test_conversions char_sat_rtn_uint -w
Conversions,conversions/test_conversions char_sat_rtp_uint -w
Conversions,conversions/test_conversions char_sat_rtz_uint -w
Conversions,conversions/test_conversions char_sat_long -w
Conversions,conversions/test_conversions char_sat_rte_long -w
Conversions,conversions/test_conversions char_sat_rtn_long -w
Conversions,conversions/test_conversions char_sat_rtp_long -w
Conversions,conversions/test_conversions char_sat_rtz_long -w
Conversions,conversions/test_conversions char_sat_ulong -w
Conversions,conversions/test_conversions char_sat_rte_ulong -w
Conversions,conversions/test_conversions char_sat_rtn_ulong -w
Conversions,conversions/test_conversions char_sat_rtp_ulong -w
Conversions,conversions/test_conversions char_sat_rtz_ulong -w
Conversions,conversions/test_conversions char_sat_float -w
Conversions,conversions/test_conversions char_sat_rte_float -w
Conversions,conversions/test_conversions char_sat_rtn_float -w
Conversions,conversions/test_conversions char_sat_rtp_float -w
Conversions,conversions/test_conversions char_sat_rtz_float -w
Conversions,conversions/test_conversions char_sat_double -w
Conversions,conversions/test_conversions char_sat_rte_double -w
Conversions,conversions/test_conversions char_sat_rtn_double -w
Conversions,conversions/test_conversions char_sat_rtp_double -w
Conversions,conversions/test_conversions char_sat_rtz_double -w
Conversions,conversions/test_conversions uchar_char -w
Conversions,conversions/test_conversions uchar_rte_char -w
Conversions,conversions/test_conversions uchar_rtn_char -w
Conversions,conversions/test_conversions uchar_rtp_char -w
Conversions,conversions/test_conversions uchar_rtz_char -w
Conversions,conversions/test_conversions uchar_uchar -w
Conversions,conversions/test_conversions uchar_rte_uchar -w
Conversions,conversions/test_conversions uchar_rtn_uchar -w
Conversions,conversions/test_conversions uchar_rtp_uchar -w
Conversions,conversions/test_conversions uchar_rtz_uchar -w
Conversions,conversions/test_conversions uchar_short -w
Conversions,conversions/test_conversions uchar_rte_short -w
Conversions,conversions/test_conversions uchar_rtn_short -w
Conversions,conversions/test_conversions uchar_rtp_short -w
Conversions,conversions/test_conversions uchar_rtz_short -w
Conversions,conversions/test_conversions uchar_ushort -w
Conversions,conversions/test_conversions uchar_rte_ushort -w
Conversions,conversions/test_conversions uchar_rtn_ushort -w
Conversions,conversions/test_conversions uchar_rtp_ushort -w
Conversions,conversions/test_conversions uchar_rtz_ushort -w
Conversions,conversions/test_conversions uchar_int -w
Conversions,conversions/test_conversions uchar_rte_int -w
Conversions,conversions/test_conversions uchar_rtn_int -w
Conversions,conversions/test_conversions uchar_rtp_int -w
Conversions,conversions/test_conversions uchar_rtz_int -w
Conversions,conversions/test_conversions uchar_uint -w
Conversions,conversions/test_conversions uchar_rte_uint -w
Conversions,conversions/test_conversions uchar_rtn_uint -w
Conversions,conversions/test_conversions uchar_rtp_uint -w
Conversions,conversions/test_conversions uchar_rtz_uint -w
Conversions,conversions/test_conversions uchar_long -w
Conversions,conversions/test_conversions uchar_rte_long -w
Conversions,conversions/test_conversions uchar_rtn_long -w
Conversions,conversions/test_conversions uchar_rtp_long -w
Conversions,conversions/test_conversions uchar_rtz_long -w
Conversions,conversions/test_conversions uchar_ulong -w
Conversions,conversions/test_conversions uchar_rte_ulong -w
Conversions,conversions/test_conversions uchar_rtn_ulong -w
Conversions,conversions/test_conversions uchar_rtp_ulong -w
Conversions,conversions/test_conversions uchar_rtz_ulong -w
Conversions,conversions/test_conversions uchar_float -w
Conversions,conversions/test_conversions uchar_rte_float -w
Conversions,conversions/test_conversions uchar_rtn_float -w
Conversions,conversions/test_conversions uchar_rtp_float -w
Conversions,conversions/test_conversions uchar_rtz_float -w
Conversions,conversions/test_conversions uchar_double -w
Conversions,conversions/test_conversions uchar_rte_double -w
Conversions,conversions/test_conversions uchar_rtn_double -w
Conversions,conversions/test_conversions uchar_rtp_double -w
Conversions,conversions/test_conversions uchar_rtz_double -w
Conversions,conversions/test_conversions uchar_sat_char -w
Conversions,conversions/test_conversions uchar_sat_rte_char -w
Conversions,conversions/test_conversions uchar_sat_rtn_char -w
Conversions,conversions/test_conversions uchar_sat_rtp_char -w
Conversions,conversions/test_conversions uchar_sat_rtz_char -w
Conversions,conversions/test_conversions uchar_sat_uchar -w
Conversions,conversions/test_conversions uchar_sat_rte_uchar -w
Conversions,conversions/test_conversions uchar_sat_rtn_uchar -w
Conversions,conversions/test_conversions uchar_sat_rtp_uchar -w
Conversions,conversions/test_conversions uchar_sat_rtz_uchar -w
Conversions,conversions/test_conversions uchar_sat_short -w
Conversions,conversions/test_conversions uchar_sat_rte_short -w
Conversions,conversions/test_conversions uchar_sat_rtn_short -w
Conversions,conversions/test_conversions uchar_sat_rtp_short -w
Conversions,conversions/test_conversions uchar_sat_rtz_short -w
Conversions,conversions/test_conversions uchar_sat_ushort -w
Conversions,conversions/test_conversions uchar_sat_rte_ushort -w
Conversions,conversions/test_conversions uchar_sat_rtn_ushort -w
Conversions,conversions/test_conversions uchar_sat_rtp_ushort -w
Conversions,conversions/test_conversions uchar_sat_rtz_ushort -w
Conversions,conversions/test_conversions uchar_sat_int -w
Conversions,conversions/test_conversions uchar_sat_rte_int -w
Conversions,conversions/test_conversions uchar_sat_rtn_int -w
Conversions,conversions/test_conversions uchar_sat_rtp_int -w
Conversions,conversions/test_conversions uchar_sat_rtz_int -w
Conversions,conversions/test_conversions uchar_sat_uint -w
Conversions,conversions/test_conversions uchar_sat_rte_uint -w
Conversions,conversions/test_conversions uchar_sat_rtn_uint -w
Conversions,conversions/test_conversions uchar_sat_rtp_uint -w
Conversions,conversions/test_conversions uchar_sat_rtz_uint -w
Conversions,conversions/test_conversions uchar_sat_long -w
Conversions,conversions/test_conversions uchar_sat_rte_long -w
Conversions,conversions/test_conversions uchar_sat_rtn_long -w
Conversions,conversions/test_conversions uchar_sat_rtp_long -w
Conversions,conversions/test_conversions uchar_sat_rtz_long -w
Conversions,conversions/test_conversions uchar_sat_ulong -w
Conversions,conversions/test_conversions uchar_sat_rte_ulong -w
Conversions,conversions/test_conversions uchar_sat_rtn_ulong -w
Conversions,conversions/test_conversions uchar_sat_rtp_ulong -w
Conversions,conversions/test_conversions uchar_sat_rtz_ulong -w
Conversions,conversions/test_conversions uchar_sat_float -w
Conversions,conversions/test_conversions uchar_sat_rte_float -w
Conversions,conversions/test_conversions uchar_sat_rtn_float -w
Conversions,conversions/test_conversions uchar_sat_rtp_float -w
Conversions,conversions/test_conversions uchar_sat_rtz_float -w
Conversions,conversions/test_conversions uchar_sat_double -w
Conversions,conversions/test_conversions uchar_sat_rte_double -w
Conversions,conversions/test_conversions uchar_sat_rtn_double -w
Conversions,conversions/test_conversions uchar_sat_rtp_double -w
Conversions,conversions/test_conversions uchar_sat_rtz_double -w
Conversions,conversions/test_conversions short_uchar -w
Conversions,conversions/test_conversions short_rte_uchar -w
Conversions,conversions/test_conversions short_rtn_uchar -w
Conversions,conversions/test_conversions short_rtp_uchar -w
Conversions,conversions/test_conversions short_rtz_uchar -w
Conversions,conversions/test_conversions short_short -w
Conversions,conversions/test_conversions short_rte_short -w
Conversions,conversions/test_conversions short_rtn_short -w
Conversions,conversions/test_conversions short_rtp_short -w
Conversions,conversions/test_conversions short_rtz_short -w
Conversions,conversions/test_conversions short_ushort -w
Conversions,conversions/test_conversions short_rte_ushort -w
Conversions,conversions/test_conversions short_rtn_ushort -w
Conversions,conversions/test_conversions short_rtp_ushort -w
Conversions,conversions/test_conversions short_rtz_ushort -w
Conversions,conversions/test_conversions short_int -w
Conversions,conversions/test_conversions short_rte_int -w
Conversions,conversions/test_conversions short_rtn_int -w
Conversions,conversions/test_conversions short_rtp_int -w
Conversions,conversions/test_conversions short_rtz_int -w
Conversions,conversions/test_conversions short_uint -w
Conversions,conversions/test_conversions short_rte_uint -w
Conversions,conversions/test_conversions short_rtn_uint -w
Conversions,conversions/test_conversions short_rtp_uint -w
Conversions,conversions/test_conversions short_rtz_uint -w
Conversions,conversions/test_conversions short_long -w
Conversions,conversions/test_conversions short_rte_long -w
Conversions,conversions/test_conversions short_rtn_long -w
Conversions,conversions/test_conversions short_rtp_long -w
Conversions,conversions/test_conversions short_rtz_long -w
Conversions,conversions/test_conversions short_ulong -w
Conversions,conversions/test_conversions short_rte_ulong -w
Conversions,conversions/test_conversions short_rtn_ulong -w
Conversions,conversions/test_conversions short_rtp_ulong -w
Conversions,conversions/test_conversions short_rtz_ulong -w
Conversions,conversions/test_conversions short_float -w
Conversions,conversions/test_conversions short_rte_float -w
Conversions,conversions/test_conversions short_rtn_float -w
Conversions,conversions/test_conversions short_rtp_float -w
Conversions,conversions/test_conversions short_rtz_float -w
Conversions,conversions/test_conversions short_double -w
Conversions,conversions/test_conversions short_rte_double -w
Conversions,conversions/test_conversions short_rtn_double -w
Conversions,conversions/test_conversions short_rtp_double -w
Conversions,conversions/test_conversions short_rtz_double -w
Conversions,conversions/test_conversions short_sat_char -w
Conversions,conversions/test_conversions short_sat_rte_char -w
Conversions,conversions/test_conversions short_sat_rtn_char -w
Conversions,conversions/test_conversions short_sat_rtp_char -w
Conversions,conversions/test_conversions short_sat_rtz_char -w
Conversions,conversions/test_conversions short_sat_uchar -w
Conversions,conversions/test_conversions short_sat_rte_uchar -w
Conversions,conversions/test_conversions short_sat_rtn_uchar -w
Conversions,conversions/test_conversions short_sat_rtp_uchar -w
Conversions,conversions/test_conversions short_sat_rtz_uchar -w
Conversions,conversions/test_conversions short_sat_short -w
Conversions,conversions/test_conversions short_sat_rte_short -w
Conversions,conversions/test_conversions short_sat_rtn_short -w
Conversions,conversions/test_conversions short_sat_rtp_short -w
Conversions,conversions/test_conversions short_sat_rtz_short -w
Conversions,conversions/test_conversions short_sat_ushort -w
Conversions,conversions/test_conversions short_sat_rte_ushort -w
Conversions,conversions/test_conversions short_sat_rtn_ushort -w
Conversions,conversions/test_conversions short_sat_rtp_ushort -w
Conversions,conversions/test_conversions short_sat_rtz_ushort -w
Conversions,conversions/test_conversions short_sat_int -w
Conversions,conversions/test_conversions short_sat_rte_int -w
Conversions,conversions/test_conversions short_sat_rtn_int -w
Conversions,conversions/test_conversions short_sat_rtp_int -w
Conversions,conversions/test_conversions short_sat_rtz_int -w
Conversions,conversions/test_conversions short_sat_uint -w
Conversions,conversions/test_conversions short_sat_rte_uint -w
Conversions,conversions/test_conversions short_sat_rtn_uint -w
Conversions,conversions/test_conversions short_sat_rtp_uint -w
Conversions,conversions/test_conversions short_sat_rtz_uint -w
Conversions,conversions/test_conversions short_sat_long -w
Conversions,conversions/test_conversions short_sat_rte_long -w
Conversions,conversions/test_conversions short_sat_rtn_long -w
Conversions,conversions/test_conversions short_sat_rtp_long -w
Conversions,conversions/test_conversions short_sat_rtz_long -w
Conversions,conversions/test_conversions short_sat_ulong -w
Conversions,conversions/test_conversions short_sat_rte_ulong -w
Conversions,conversions/test_conversions short_sat_rtn_ulong -w
Conversions,conversions/test_conversions short_sat_rtp_ulong -w
Conversions,conversions/test_conversions short_sat_rtz_ulong -w
Conversions,conversions/test_conversions short_sat_float -w
Conversions,conversions/test_conversions short_sat_rte_float -w
Conversions,conversions/test_conversions short_sat_rtn_float -w
Conversions,conversions/test_conversions short_sat_rtp_float -w
Conversions,conversions/test_conversions short_sat_rtz_float -w
Conversions,conversions/test_conversions short_sat_double -w
Conversions,conversions/test_conversions short_sat_rte_double -w
Conversions,conversions/test_conversions short_sat_rtn_double -w
Conversions,conversions/test_conversions short_sat_rtp_double -w
Conversions,conversions/test_conversions short_sat_rtz_double -w
Conversions,conversions/test_conversions ushort_char -w
Conversions,conversions/test_conversions ushort_rte_char -w
Conversions,conversions/test_conversions ushort_rtn_char -w
Conversions,conversions/test_conversions ushort_rtp_char -w
Conversions,conversions/test_conversions ushort_rtz_char -w
Conversions,conversions/test_conversions ushort_uchar -w
Conversions,conversions/test_conversions ushort_rte_uchar -w
Conversions,conversions/test_conversions ushort_rtn_uchar -w
Conversions,conversions/test_conversions ushort_rtp_uchar -w
Conversions,conversions/test_conversions ushort_rtz_uchar -w
Conversions,conversions/test_conversions ushort_short -w
Conversions,conversions/test_conversions ushort_rte_short -w
Conversions,conversions/test_conversions ushort_rtn_short -w
Conversions,conversions/test_conversions ushort_rtp_short -w
Conversions,conversions/test_conversions ushort_rtz_short -w
Conversions,conversions/test_conversions ushort_ushort -w
Conversions,conversions/test_conversions ushort_rte_ushort -w
Conversions,conversions/test_conversions ushort_rtn_ushort -w
Conversions,conversions/test_conversions ushort_rtp_ushort -w
Conversions,conversions/test_conversions ushort_rtz_ushort -w
Conversions,conversions/test_conversions ushort_int -w
Conversions,conversions/test_conversions ushort_rte_int -w
Conversions,conversions/test_conversions ushort_rtn_int -w
Conversions,conversions/test_conversions ushort_rtp_int -w
Conversions,conversions/test_conversions ushort_rtz_int -w
Conversions,conversions/test_conversions ushort_uint -w
Conversions,conversions/test_conversions ushort_rte_uint -w
Conversions,conversions/test_conversions ushort_rtn_uint -w
Conversions,conversions/test_conversions ushort_rtp_uint -w
Conversions,conversions/test_conversions ushort_rtz_uint -w
Conversions,conversions/test_conversions ushort_long -w
Conversions,conversions/test_conversions ushort_rte_long -w
Conversions,conversions/test_conversions ushort_rtn_long -w
Conversions,conversions/test_conversions ushort_rtp_long -w
Conversions,conversions/test_conversions ushort_rtz_long -w
Conversions,conversions/test_conversions ushort_ulong -w
Conversions,conversions/test_conversions ushort_rte_ulong -w
Conversions,conversions/test_conversions ushort_rtn_ulong -w
Conversions,conversions/test_conversions ushort_rtp_ulong -w
Conversions,conversions/test_conversions ushort_rtz_ulong -w
Conversions,conversions/test_conversions ushort_float -w
Conversions,conversions/test_conversions ushort_rte_float -w
Conversions,conversions/test_conversions ushort_rtn_float -w
Conversions,conversions/test_conversions ushort_rtp_float -w
Conversions,conversions/test_conversions ushort_rtz_float -w
Conversions,conversions/test_conversions ushort_double -w
Conversions,conversions/test_conversions ushort_rte_double -w
Conversions,conversions/test_conversions ushort_rtn_double -w
Conversions,conversions/test_conversions ushort_rtp_double -w
Conversions,conversions/test_conversions ushort_rtz_double -w
Conversions,conversions/test_conversions ushort_sat_char -w
Conversions,conversions/test_conversions ushort_sat_rte_char -w
Conversions,conversions/test_conversions ushort_sat_rtn_char -w
Conversions,conversions/test_conversions ushort_sat_rtp_char -w
Conversions,conversions/test_conversions ushort_sat_rtz_char -w
Conversions,conversions/test_conversions ushort_sat_uchar -w
Conversions,conversions/test_conversions ushort_sat_rte_uchar -w
Conversions,conversions/test_conversions ushort_sat_rtn_uchar -w
Conversions,conversions/test_conversions ushort_sat_rtp_uchar -w
Conversions,conversions/test_conversions ushort_sat_rtz_uchar -w
Conversions,conversions/test_conversions ushort_sat_short -w
Conversions,conversions/test_conversions ushort_sat_rte_short -w
Conversions,conversions/test_conversions ushort_sat_rtn_short -w
Conversions,conversions/test_conversions ushort_sat_rtp_short -w
Conversions,conversions/test_conversions ushort_sat_rtz_short -w
Conversions,conversions/test_conversions ushort_sat_ushort -w
Conversions,conversions/test_conversions ushort_sat_rte_ushort -w
Conversions,conversions/test_conversions ushort_sat_rtn_ushort -w
Conversions,conversions/test_conversions ushort_sat_rtp_ushort -w
Conversions,conversions/test_conversions ushort_sat_rtz_ushort -w
Conversions,conversions/test_conversions ushort_sat_int -w
Conversions,conversions/test_conversions ushort_sat_rte_int -w
Conversions,conversions/test_conversions ushort_sat_rtn_int -w
Conversions,conversions/test_conversions ushort_sat_rtp_int -w
Conversions,conversions/test_conversions ushort_sat_rtz_int -w
Conversions,conversions/test_conversions ushort_sat_uint -w
Conversions,conversions/test_conversions ushort_sat_rte_uint -w
Conversions,conversions/test_conversions ushort_sat_rtn_uint -w
Conversions,conversions/test_conversions ushort_sat_rtp_uint -w
Conversions,conversions/test_conversions ushort_sat_rtz_uint -w
Conversions,conversions/test_conversions ushort_sat_long -w
Conversions,conversions/test_conversions ushort_sat_rte_long -w
Conversions,conversions/test_conversions ushort_sat_rtn_long -w
Conversions,conversions/test_conversions ushort_sat_rtp_long -w
Conversions,conversions/test_conversions ushort_sat_rtz_long -w
Conversions,conversions/test_conversions ushort_sat_ulong -w
Conversions,conversions/test_conversions ushort_sat_rte_ulong -w
Conversions,conversions/test_conversions ushort_sat_rtn_ulong -w
Conversions,conversions/test_conversions ushort_sat_rtp_ulong -w
Conversions,conversions/test_conversions ushort_sat_rtz_ulong -w
Conversions,conversions/test_conversions ushort_sat_float -w
Conversions,conversions/test_conversions ushort_sat_rte_float -w
Conversions,conversions/test_conversions ushort_sat_rtn_float -w
Conversions,conversions/test_conversions ushort_sat_rtp_float -w
Conversions,conversions/test_conversions ushort_sat_rtz_float -w
Conversions,conversions/test_conversions ushort_sat_double -w
Conversions,conversions/test_conversions ushort_sat_rte_double -w
Conversions,conversions/test_conversions ushort_sat_rtn_double -w
Conversions,conversions/test_conversions ushort_sat_rtp_double -w
Conversions,conversions/test_conversions ushort_sat_rtz_double -w
Conversions,conversions/test_conversions int_uchar -w
Conversions,conversions/test_conversions int_rte_uchar -w
Conversions,conversions/test_conversions int_rtn_uchar -w
Conversions,conversions/test_conversions int_rtp_uchar -w
Conversions,conversions/test_conversions int_rtz_uchar -w
Conversions,conversions/test_conversions int_short -w
Conversions,conversions/test_conversions int_rte_short -w
Conversions,conversions/test_conversions int_rtn_short -w
Conversions,conversions/test_conversions int_rtp_short -w
Conversions,conversions/test_conversions int_rtz_short -w
Conversions,conversions/test_conversions int_ushort -w
Conversions,conversions/test_conversions int_rte_ushort -w
Conversions,conversions/test_conversions int_rtn_ushort -w
Conversions,conversions/test_conversions int_rtp_ushort -w
Conversions,conversions/test_conversions int_rtz_ushort -w
Conversions,conversions/test_conversions int_int -w
Conversions,conversions/test_conversions int_rte_int -w
Conversions,conversions/test_conversions int_rtn_int -w
Conversions,conversions/test_conversions int_rtp_int -w
Conversions,conversions/test_conversions int_rtz_int -w
Conversions,conversions/test_conversions int_uint -w
Conversions,conversions/test_conversions int_rte_uint -w
Conversions,conversions/test_conversions int_rtn_uint -w
Conversions,conversions/test_conversions int_rtp_uint -w
Conversions,conversions/test_conversions int_rtz_uint -w
Conversions,conversions/test_conversions int_long -w
Conversions,conversions/test_conversions int_rte_long -w
Conversions,conversions/test_conversions int_rtn_long -w
Conversions,conversions/test_conversions int_rtp_long -w
Conversions,conversions/test_conversions int_rtz_long -w
Conversions,conversions/test_conversions int_ulong -w
Conversions,conversions/test_conversions int_rte_ulong -w
Conversions,conversions/test_conversions int_rtn_ulong -w
Conversions,conversions/test_conversions int_rtp_ulong -w
Conversions,conversions/test_conversions int_rtz_ulong -w
Conversions,conversions/test_conversions int_float -w
Conversions,conversions/test_conversions int_rte_float -w
Conversions,conversions/test_conversions int_rtn_float -w
Conversions,conversions/test_conversions int_rtp_float -w
Conversions,conversions/test_conversions int_rtz_float -w
Conversions,conversions/test_conversions int_double -w
Conversions,conversions/test_conversions int_rte_double -w
Conversions,conversions/test_conversions int_rtn_double -w
Conversions,conversions/test_conversions int_rtp_double -w
Conversions,conversions/test_conversions int_rtz_double -w
Conversions,conversions/test_conversions int_sat_char -w
Conversions,conversions/test_conversions int_sat_rte_char -w
Conversions,conversions/test_conversions int_sat_rtn_char -w
Conversions,conversions/test_conversions int_sat_rtp_char -w
Conversions,conversions/test_conversions int_sat_rtz_char -w
Conversions,conversions/test_conversions int_sat_uchar -w
Conversions,conversions/test_conversions int_sat_rte_uchar -w
Conversions,conversions/test_conversions int_sat_rtn_uchar -w
Conversions,conversions/test_conversions int_sat_rtp_uchar -w
Conversions,conversions/test_conversions int_sat_rtz_uchar -w
Conversions,conversions/test_conversions int_sat_short -w
Conversions,conversions/test_conversions int_sat_rte_short -w
Conversions,conversions/test_conversions int_sat_rtn_short -w
Conversions,conversions/test_conversions int_sat_rtp_short -w
Conversions,conversions/test_conversions int_sat_rtz_short -w
Conversions,conversions/test_conversions int_sat_ushort -w
Conversions,conversions/test_conversions int_sat_rte_ushort -w
Conversions,conversions/test_conversions int_sat_rtn_ushort -w
Conversions,conversions/test_conversions int_sat_rtp_ushort -w
Conversions,conversions/test_conversions int_sat_rtz_ushort -w
Conversions,conversions/test_conversions int_sat_int -w
Conversions,conversions/test_conversions int_sat_rte_int -w
Conversions,conversions/test_conversions int_sat_rtn_int -w
Conversions,conversions/test_conversions int_sat_rtp_int -w
Conversions,conversions/test_conversions int_sat_rtz_int -w
Conversions,conversions/test_conversions int_sat_uint -w
Conversions,conversions/test_conversions int_sat_rte_uint -w
Conversions,conversions/test_conversions int_sat_rtn_uint -w
Conversions,conversions/test_conversions int_sat_rtp_uint -w
Conversions,conversions/test_conversions int_sat_rtz_uint -w
Conversions,conversions/test_conversions int_sat_long -w
Conversions,conversions/test_conversions int_sat_rte_long -w
Conversions,conversions/test_conversions int_sat_rtn_long -w
Conversions,conversions/test_conversions int_sat_rtp_long -w
Conversions,conversions/test_conversions int_sat_rtz_long -w
Conversions,conversions/test_conversions int_sat_ulong -w
Conversions,conversions/test_conversions int_sat_rte_ulong -w
Conversions,conversions/test_conversions int_sat_rtn_ulong -w
Conversions,conversions/test_conversions int_sat_rtp_ulong -w
Conversions,conversions/test_conversions int_sat_rtz_ulong -w
Conversions,conversions/test_conversions int_sat_float -w
Conversions,conversions/test_conversions int_sat_rte_float -w
Conversions,conversions/test_conversions int_sat_rtn_float -w
Conversions,conversions/test_conversions int_sat_rtp_float -w
Conversions,conversions/test_conversions int_sat_rtz_float -w
Conversions,conversions/test_conversions int_sat_double -w
Conversions,conversions/test_conversions int_sat_rte_double -w
Conversions,conversions/test_conversions int_sat_rtn_double -w
Conversions,conversions/test_conversions int_sat_rtp_double -w
Conversions,conversions/test_conversions int_sat_rtz_double -w
Conversions,conversions/test_conversions uint_char -w
Conversions,conversions/test_conversions uint_rte_char -w
Conversions,conversions/test_conversions uint_rtn_char -w
Conversions,conversions/test_conversions uint_rtp_char -w
Conversions,conversions/test_conversions uint_rtz_char -w
Conversions,conversions/test_conversions uint_uchar -w
Conversions,conversions/test_conversions uint_rte_uchar -w
Conversions,conversions/test_conversions uint_rtn_uchar -w
Conversions,conversions/test_conversions uint_rtp_uchar -w
Conversions,conversions/test_conversions uint_rtz_uchar -w
Conversions,conversions/test_conversions uint_short -w
Conversions,conversions/test_conversions uint_rte_short -w
Conversions,conversions/test_conversions uint_rtn_short -w
Conversions,conversions/test_conversions uint_rtp_short -w
Conversions,conversions/test_conversions uint_rtz_short -w
Conversions,conversions/test_conversions uint_ushort -w
Conversions,conversions/test_conversions uint_rte_ushort -w
Conversions,conversions/test_conversions uint_rtn_ushort -w
Conversions,conversions/test_conversions uint_rtp_ushort -w
Conversions,conversions/test_conversions uint_rtz_ushort -w
Conversions,conversions/test_conversions uint_int -w
Conversions,conversions/test_conversions uint_rte_int -w
Conversions,conversions/test_conversions uint_rtn_int -w
Conversions,conversions/test_conversions uint_rtp_int -w
Conversions,conversions/test_conversions uint_rtz_int -w
Conversions,conversions/test_conversions uint_uint -w
Conversions,conversions/test_conversions uint_rte_uint -w
Conversions,conversions/test_conversions uint_rtn_uint -w
Conversions,conversions/test_conversions uint_rtp_uint -w
Conversions,conversions/test_conversions uint_rtz_uint -w
Conversions,conversions/test_conversions uint_long -w
Conversions,conversions/test_conversions uint_rte_long -w
Conversions,conversions/test_conversions uint_rtn_long -w
Conversions,conversions/test_conversions uint_rtp_long -w
Conversions,conversions/test_conversions uint_rtz_long -w
Conversions,conversions/test_conversions uint_ulong -w
Conversions,conversions/test_conversions uint_rte_ulong -w
Conversions,conversions/test_conversions uint_rtn_ulong -w
Conversions,conversions/test_conversions uint_rtp_ulong -w
Conversions,conversions/test_conversions uint_rtz_ulong -w
Conversions,conversions/test_conversions uint_float -w
Conversions,conversions/test_conversions uint_rte_float -w
Conversions,conversions/test_conversions uint_rtn_float -w
Conversions,conversions/test_conversions uint_rtp_float -w
Conversions,conversions/test_conversions uint_rtz_float -w
Conversions,conversions/test_conversions uint_double -w
Conversions,conversions/test_conversions uint_rte_double -w
Conversions,conversions/test_conversions uint_rtn_double -w
Conversions,conversions/test_conversions uint_rtp_double -w
Conversions,conversions/test_conversions uint_rtz_double -w
Conversions,conversions/test_conversions uint_sat_char -w
Conversions,conversions/test_conversions uint_sat_rte_char -w
Conversions,conversions/test_conversions uint_sat_rtn_char -w
Conversions,conversions/test_conversions uint_sat_rtp_char -w
Conversions,conversions/test_conversions uint_sat_rtz_char -w
Conversions,conversions/test_conversions uint_sat_uchar -w
Conversions,conversions/test_conversions uint_sat_rte_uchar -w
Conversions,conversions/test_conversions uint_sat_rtn_uchar -w
Conversions,conversions/test_conversions uint_sat_rtp_uchar -w
Conversions,conversions/test_conversions uint_sat_rtz_uchar -w
Conversions,conversions/test_conversions uint_sat_short -w
Conversions,conversions/test_conversions uint_sat_rte_short -w
Conversions,conversions/test_conversions uint_sat_rtn_short -w
Conversions,conversions/test_conversions uint_sat_rtp_short -w
Conversions,conversions/test_conversions uint_sat_rtz_short -w
Conversions,conversions/test_conversions uint_sat_ushort -w
Conversions,conversions/test_conversions uint_sat_rte_ushort -w
Conversions,conversions/test_conversions uint_sat_rtn_ushort -w
Conversions,conversions/test_conversions uint_sat_rtp_ushort -w
Conversions,conversions/test_conversions uint_sat_rtz_ushort -w
Conversions,conversions/test_conversions uint_sat_int -w
Conversions,conversions/test_conversions uint_sat_rte_int -w
Conversions,conversions/test_conversions uint_sat_rtn_int -w
Conversions,conversions/test_conversions uint_sat_rtp_int -w
Conversions,conversions/test_conversions uint_sat_rtz_int -w
Conversions,conversions/test_conversions uint_sat_uint -w
Conversions,conversions/test_conversions uint_sat_rte_uint -w
Conversions,conversions/test_conversions uint_sat_rtn_uint -w
Conversions,conversions/test_conversions uint_sat_rtp_uint -w
Conversions,conversions/test_conversions uint_sat_rtz_uint -w
Conversions,conversions/test_conversions uint_sat_long -w
Conversions,conversions/test_conversions uint_sat_rte_long -w
Conversions,conversions/test_conversions uint_sat_rtn_long -w
Conversions,conversions/test_conversions uint_sat_rtp_long -w
Conversions,conversions/test_conversions uint_sat_rtz_long -w
Conversions,conversions/test_conversions uint_sat_ulong -w
Conversions,conversions/test_conversions uint_sat_rte_ulong -w
Conversions,conversions/test_conversions uint_sat_rtn_ulong -w
Conversions,conversions/test_conversions uint_sat_rtp_ulong -w
Conversions,conversions/test_conversions uint_sat_rtz_ulong -w
Conversions,conversions/test_conversions uint_sat_float -w
Conversions,conversions/test_conversions uint_sat_rte_float -w
Conversions,conversions/test_conversions uint_sat_rtn_float -w
Conversions,conversions/test_conversions uint_sat_rtp_float -w
Conversions,conversions/test_conversions uint_sat_rtz_float -w
Conversions,conversions/test_conversions uint_sat_double -w
Conversions,conversions/test_conversions uint_sat_rte_double -w
Conversions,conversions/test_conversions uint_sat_rtn_double -w
Conversions,conversions/test_conversions uint_sat_rtp_double -w
Conversions,conversions/test_conversions uint_sat_rtz_double -w
Conversions,conversions/test_conversions long_uchar -w
Conversions,conversions/test_conversions long_rte_uchar -w
Conversions,conversions/test_conversions long_rtn_uchar -w
Conversions,conversions/test_conversions long_rtp_uchar -w
Conversions,conversions/test_conversions long_rtz_uchar -w
Conversions,conversions/test_conversions long_short -w
Conversions,conversions/test_conversions long_rte_short -w
Conversions,conversions/test_conversions long_rtn_short -w
Conversions,conversions/test_conversions long_rtp_short -w
Conversions,conversions/test_conversions long_rtz_short -w
Conversions,conversions/test_conversions long_ushort -w
Conversions,conversions/test_conversions long_rte_ushort -w
Conversions,conversions/test_conversions long_rtn_ushort -w
Conversions,conversions/test_conversions long_rtp_ushort -w
Conversions,conversions/test_conversions long_rtz_ushort -w
Conversions,conversions/test_conversions long_int -w
Conversions,conversions/test_conversions long_rte_int -w
Conversions,conversions/test_conversions long_rtn_int -w
Conversions,conversions/test_conversions long_rtp_int -w
Conversions,conversions/test_conversions long_rtz_int -w
Conversions,conversions/test_conversions long_uint -w
Conversions,conversions/test_conversions long_rte_uint -w
Conversions,conversions/test_conversions long_rtn_uint -w
Conversions,conversions/test_conversions long_rtp_uint -w
Conversions,conversions/test_conversions long_rtz_uint -w
Conversions,conversions/test_conversions long_long -w
Conversions,conversions/test_conversions long_rte_long -w
Conversions,conversions/test_conversions long_rtn_long -w
Conversions,conversions/test_conversions long_rtp_long -w
Conversions,conversions/test_conversions long_rtz_long -w
Conversions,conversions/test_conversions long_ulong -w
Conversions,conversions/test_conversions long_rte_ulong -w
Conversions,conversions/test_conversions long_rtn_ulong -w
Conversions,conversions/test_conversions long_rtp_ulong -w
Conversions,conversions/test_conversions long_rtz_ulong -w
Conversions,conversions/test_conversions long_float -w
Conversions,conversions/test_conversions long_rte_float -w
Conversions,conversions/test_conversions long_rtn_float -w
Conversions,conversions/test_conversions long_rtp_float -w
Conversions,conversions/test_conversions long_rtz_float -w
Conversions,conversions/test_conversions long_double -w
Conversions,conversions/test_conversions long_rte_double -w
Conversions,conversions/test_conversions long_rtn_double -w
Conversions,conversions/test_conversions long_rtp_double -w
Conversions,conversions/test_conversions long_rtz_double -w
Conversions,conversions/test_conversions long_sat_char -w
Conversions,conversions/test_conversions long_sat_rte_char -w
Conversions,conversions/test_conversions long_sat_rtn_char -w
Conversions,conversions/test_conversions long_sat_rtp_char -w
Conversions,conversions/test_conversions long_sat_rtz_char -w
Conversions,conversions/test_conversions long_sat_uchar -w
Conversions,conversions/test_conversions long_sat_rte_uchar -w
Conversions,conversions/test_conversions long_sat_rtn_uchar -w
Conversions,conversions/test_conversions long_sat_rtp_uchar -w
Conversions,conversions/test_conversions long_sat_rtz_uchar -w
Conversions,conversions/test_conversions long_sat_short -w
Conversions,conversions/test_conversions long_sat_rte_short -w
Conversions,conversions/test_conversions long_sat_rtn_short -w
Conversions,conversions/test_conversions long_sat_rtp_short -w
Conversions,conversions/test_conversions long_sat_rtz_short -w
Conversions,conversions/test_conversions long_sat_ushort -w
Conversions,conversions/test_conversions long_sat_rte_ushort -w
Conversions,conversions/test_conversions long_sat_rtn_ushort -w
Conversions,conversions/test_conversions long_sat_rtp_ushort -w
Conversions,conversions/test_conversions long_sat_rtz_ushort -w
Conversions,conversions/test_conversions long_sat_int -w
Conversions,conversions/test_conversions long_sat_rte_int -w
Conversions,conversions/test_conversions long_sat_rtn_int -w
Conversions,conversions/test_conversions long_sat_rtp_int -w
Conversions,conversions/test_conversions long_sat_rtz_int -w
Conversions,conversions/test_conversions long_sat_uint -w
Conversions,conversions/test_conversions long_sat_rte_uint -w
Conversions,conversions/test_conversions long_sat_rtn_uint -w
Conversions,conversions/test_conversions long_sat_rtp_uint -w
Conversions,conversions/test_conversions long_sat_rtz_uint -w
Conversions,conversions/test_conversions long_sat_long -w
Conversions,conversions/test_conversions long_sat_rte_long -w
Conversions,conversions/test_conversions long_sat_rtn_long -w
Conversions,conversions/test_conversions long_sat_rtp_long -w
Conversions,conversions/test_conversions long_sat_rtz_long -w
Conversions,conversions/test_conversions long_sat_ulong -w
Conversions,conversions/test_conversions long_sat_rte_ulong -w
Conversions,conversions/test_conversions long_sat_rtn_ulong -w
Conversions,conversions/test_conversions long_sat_rtp_ulong -w
Conversions,conversions/test_conversions long_sat_rtz_ulong -w
Conversions,conversions/test_conversions long_sat_float -w
Conversions,conversions/test_conversions long_sat_rte_float -w
Conversions,conversions/test_conversions long_sat_rtn_float -w
Conversions,conversions/test_conversions long_sat_rtp_float -w
Conversions,conversions/test_conversions long_sat_rtz_float -w
Conversions,conversions/test_conversions long_sat_double -w
Conversions,conversions/test_conversions long_sat_rte_double -w
Conversions,conversions/test_conversions long_sat_rtn_double -w
Conversions,conversions/test_conversions long_sat_rtp_double -w
Conversions,conversions/test_conversions long_sat_rtz_double -w
Conversions,conversions/test_conversions ulong_char -w
Conversions,conversions/test_conversions ulong_rte_char -w
Conversions,conversions/test_conversions ulong_rtn_char -w
Conversions,conversions/test_conversions ulong_rtp_char -w
Conversions,conversions/test_conversions ulong_rtz_char -w
Conversions,conversions/test_conversions ulong_uchar -w
Conversions,conversions/test_conversions ulong_rte_uchar -w
Conversions,conversions/test_conversions ulong_rtn_uchar -w
Conversions,conversions/test_conversions ulong_rtp_uchar -w
Conversions,conversions/test_conversions ulong_rtz_uchar -w
Conversions,conversions/test_conversions ulong_short -w
Conversions,conversions/test_conversions ulong_rte_short -w
Conversions,conversions/test_conversions ulong_rtn_short -w
Conversions,conversions/test_conversions ulong_rtp_short -w
Conversions,conversions/test_conversions ulong_rtz_short -w
Conversions,conversions/test_conversions ulong_ushort -w
Conversions,conversions/test_conversions ulong_rte_ushort -w
Conversions,conversions/test_conversions ulong_rtn_ushort -w
Conversions,conversions/test_conversions ulong_rtp_ushort -w
Conversions,conversions/test_conversions ulong_rtz_ushort -w
Conversions,conversions/test_conversions ulong_int -w
Conversions,conversions/test_conversions ulong_rte_int -w
Conversions,conversions/test_conversions ulong_rtn_int -w
Conversions,conversions/test_conversions ulong_rtp_int -w
Conversions,conversions/test_conversions ulong_rtz_int -w
Conversions,conversions/test_conversions ulong_uint -w
Conversions,conversions/test_conversions ulong_rte_uint -w
Conversions,conversions/test_conversions ulong_rtn_uint -w
Conversions,conversions/test_conversions ulong_rtp_uint -w
Conversions,conversions/test_conversions ulong_rtz_uint -w
Conversions,conversions/test_conversions ulong_long -w
Conversions,conversions/test_conversions ulong_rte_long -w
Conversions,conversions/test_conversions ulong_rtn_long -w
Conversions,conversions/test_conversions ulong_rtp_long -w
Conversions,conversions/test_conversions ulong_rtz_long -w
Conversions,conversions/test_conversions ulong_ulong -w
Conversions,conversions/test_conversions ulong_rte_ulong -w
Conversions,conversions/test_conversions ulong_rtn_ulong -w
Conversions,conversions/test_conversions ulong_rtp_ulong -w
Conversions,conversions/test_conversions ulong_rtz_ulong -w
Conversions,conversions/test_conversions ulong_float -w
Conversions,conversions/test_conversions ulong_rte_float -w
Conversions,conversions/test_conversions ulong_rtn_float -w
Conversions,conversions/test_conversions ulong_rtp_float -w
Conversions,conversions/test_conversions ulong_rtz_float -w
Conversions,conversions/test_conversions ulong_double -w
Conversions,conversions/test_conversions ulong_rte_double -w
Conversions,conversions/test_conversions ulong_rtn_double -w
Conversions,conversions/test_conversions ulong_rtp_double -w
Conversions,conversions/test_conversions ulong_rtz_double -w
Conversions,conversions/test_conversions ulong_sat_char -w
Conversions,conversions/test_conversions ulong_sat_rte_char -w
Conversions,conversions/test_conversions ulong_sat_rtn_char -w
Conversions,conversions/test_conversions ulong_sat_rtp_char -w
Conversions,conversions/test_conversions ulong_sat_rtz_char -w
Conversions,conversions/test_conversions ulong_sat_uchar -w
Conversions,conversions/test_conversions ulong_sat_rte_uchar -w
Conversions,conversions/test_conversions ulong_sat_rtn_uchar -w
Conversions,conversions/test_conversions ulong_sat_rtp_uchar -w
Conversions,conversions/test_conversions ulong_sat_rtz_uchar -w
Conversions,conversions/test_conversions ulong_sat_short -w
Conversions,conversions/test_conversions ulong_sat_rte_short -w
Conversions,conversions/test_conversions ulong_sat_rtn_short -w
Conversions,conversions/test_conversions ulong_sat_rtp_short -w
Conversions,conversions/test_conversions ulong_sat_rtz_short -w
Conversions,conversions/test_conversions ulong_sat_ushort -w
Conversions,conversions/test_conversions ulong_sat_rte_ushort -w
Conversions,conversions/test_conversions ulong_sat_rtn_ushort -w
Conversions,conversions/test_conversions ulong_sat_rtp_ushort -w
Conversions,conversions/test_conversions ulong_sat_rtz_ushort -w
Conversions,conversions/test_conversions ulong_sat_int -w
Conversions,conversions/test_conversions ulong_sat_rte_int -w
Conversions,conversions/test_conversions ulong_sat_rtn_int -w
Conversions,conversions/test_conversions ulong_sat_rtp_int -w
Conversions,conversions/test_conversions ulong_sat_rtz_int -w
Conversions,conversions/test_conversions ulong_sat_uint -w
Conversions,conversions/test_conversions ulong_sat_rte_uint -w
Conversions,conversions/test_conversions ulong_sat_rtn_uint -w
Conversions,conversions/test_conversions ulong_sat_rtp_uint -w
Conversions,conversions/test_conversions ulong_sat_rtz_uint -w
Conversions,conversions/test_conversions ulong_sat_long -w
Conversions,conversions/test_conversions ulong_sat_rte_long -w
Conversions,conversions/test_conversions ulong_sat_rtn_long -w
Conversions,conversions/test_conversions ulong_sat_rtp_long -w
Conversions,conversions/test_conversions ulong_sat_rtz_long -w
Conversions,conversions/test_conversions ulong_sat_ulong -w
Conversions,conversions/test_conversions ulong_sat_rte_ulong -w
Conversions,conversions/test_conversions ulong_sat_rtn_ulong -w
Conversions,conversions/test_conversions ulong_sat_rtp_ulong -w
Conversions,conversions/test_conversions ulong_sat_rtz_ulong -w
Conversions,conversions/test_conversions ulong_sat_float -w
Conversions,conversions/test_conversions ulong_sat_rte_float -w
Conversions,conversions/test_conversions ulong_sat_rtn_float -w
Conversions,conversions/test_conversions ulong_sat_rtp_float -w
Conversions,conversions/test_conversions ulong_sat_rtz_float -w
Conversions,conversions/test_conversions ulong_sat_double -w
Conversions,conversions/test_conversions ulong_sat_rte_double -w
Conversions,conversions/test_conversions ulong_sat_rtn_double -w
Conversions,conversions/test_conversions ulong_sat_rtp_double -w
Conversions,conversions/test_conversions ulong_sat_rtz_double -w
Conversions,conversions/test_conversions float_uchar -w
Conversions,conversions/test_conversions float_rte_uchar -w
Conversions,conversions/test_conversions float_rtn_uchar -w
Conversions,conversions/test_conversions float_rtp_uchar -w
Conversions,conversions/test_conversions float_rtz_uchar -w
Conversions,conversions/test_conversions float_short -w
Conversions,conversions/test_conversions float_rte_short -w
Conversions,conversions/test_conversions float_rtn_short -w
Conversions,conversions/test_conversions float_rtp_short -w
Conversions,conversions/test_conversions float_rtz_short -w
Conversions,conversions/test_conversions float_ushort -w
Conversions,conversions/test_conversions float_rte_ushort -w
Conversions,conversions/test_conversions float_rtn_ushort -w
Conversions,conversions/test_conversions float_rtp_ushort -w
Conversions,conversions/test_conversions float_rtz_ushort -w
Conversions,conversions/test_conversions float_int -w
Conversions,conversions/test_conversions float_rte_int -w
Conversions,conversions/test_conversions float_rtn_int -w
Conversions,conversions/test_conversions float_rtp_int -w
Conversions,conversions/test_conversions float_rtz_int -w
Conversions,conversions/test_conversions float_uint -w
Conversions,conversions/test_conversions float_rte_uint -w
Conversions,conversions/test_conversions float_rtn_uint -w
Conversions,conversions/test_conversions float_rtp_uint -w
Conversions,conversions/test_conversions float_rtz_uint -w
Conversions,conversions/test_conversions float_long -w
Conversions,conversions/test_conversions float_rte_long -w
Conversions,conversions/test_conversions float_rtn_long -w
Conversions,conversions/test_conversions float_rtp_long -w
Conversions,conversions/test_conversions float_rtz_long -w
Conversions,conversions/test_conversions float_ulong -w
Conversions,conversions/test_conversions float_rte_ulong -w
Conversions,conversions/test_conversions float_rtn_ulong -w
Conversions,conversions/test_conversions float_rtp_ulong -w
Conversions,conversions/test_conversions float_rtz_ulong -w
Conversions,conversions/test_conversions float_float -w
Conversions,conversions/test_conversions float_rte_float -w
Conversions,conversions/test_conversions float_rtn_float -w
Conversions,conversions/test_conversions float_rtp_float -w
Conversions,conversions/test_conversions float_rtz_float -w
Conversions,conversions/test_conversions double_char -w
Conversions,conversions/test_conversions double_rte_char -w
Conversions,conversions/test_conversions double_rtn_char -w
Conversions,conversions/test_conversions double_rtp_char -w
Conversions,conversions/test_conversions double_rtz_char -w
Conversions,conversions/test_conversions double_uchar -w
Conversions,conversions/test_conversions double_rte_uchar -w
Conversions,conversions/test_conversions double_rtn_uchar -w
Conversions,conversions/test_conversions double_rtp_uchar -w
Conversions,conversions/test_conversions double_rtz_uchar -w
Conversions,conversions/test_conversions double_short -w
Conversions,conversions/test_conversions double_rte_short -w
Conversions,conversions/test_conversions double_rtn_short -w
Conversions,conversions/test_conversions double_rtp_short -w
Conversions,conversions/test_conversions double_rtz_short -w
Conversions,conversions/test_conversions double_ushort -w
Conversions,conversions/test_conversions double_rte_ushort -w
Conversions,conversions/test_conversions double_rtn_ushort -w
Conversions,conversions/test_conversions double_rtp_ushort -w
Conversions,conversions/test_conversions double_rtz_ushort -w
Conversions,conversions/test_conversions double_int -w
Conversions,conversions/test_conversions double_rte_int -w
Conversions,conversions/test_conversions double_rtn_int -w
Conversions,conversions/test_conversions double_rtp_int -w
Conversions,conversions/test_conversions double_rtz_int -w
Conversions,conversions/test_conversions double_uint -w
Conversions,conversions/test_conversions double_rte_uint -w
Conversions,conversions/test_conversions double_rtn_uint -w
Conversions,conversions/test_conversions double_rtp_uint -w
Conversions,conversions/test_conversions double_rtz_uint -w
Conversions,conversions/test_conversions double_long -w
Conversions,conversions/test_conversions double_rte_long -w
Conversions,conversions/test_conversions double_rtn_long -w
Conversions,conversions/test_conversions double_rtp_long -w
Conversions,conversions/test_conversions double_rtz_long -w
Conversions,conversions/test_conversions double_ulong -w
Conversions,conversions/test_conversions double_rte_ulong -w
Conversions,conversions/test_conversions double_rtn_ulong -w
Conversions,conversions/test_conversions double_rtp_ulong -w
Conversions,conversions/test_conversions double_rtz_ulong -w
Conversions,conversions/test_conversions double_double -w
Conversions,conversions/test_conversions double_rte_double -w
Conversions,conversions/test_conversions double_rtn_double -w
Conversions,conversions/test_conversions double_rtp_double -w
Conversions,conversions/test_conversions double_rtz_double -w
Conversions,conversions/test_conversions double_float -w
Conversions,conversions/test_conversions double_rte_float -w
Conversions,conversions/test_conversions double_rtn_float -w
Conversions,conversions/test_conversions double_rtp_float -w
Conversions,conversions/test_conversions double_rtz_float -w

Math,math_brute_force/test_bruteforce atan2 -s -w

Integer Ops,integer_ops/test_integer_ops integer_clz
Integer Ops,integer_ops/test_integer_ops integer_ctz
Integer Ops,integer_ops/test_integer_ops integer_hadd
Integer Ops,integer_ops/test_integer_ops integer_rhadd
Integer Ops,integer_ops/test_integer_ops integer_mul_hi
Integer Ops,integer_ops/test_integer_ops integer_rotate
Integer Ops,integer_ops/test_integer_ops integer_clamp
Integer Ops,integer_ops/test_integer_ops integer_mad_sat
Integer Ops,integer_ops/test_integer_ops integer_mad_hi
Integer Ops,integer_ops/test_integer_ops integer_min
Integer Ops,integer_ops/test_integer_ops integer_max
Integer Ops,integer_ops/test_integer_ops integer_upsample
Integer Ops,integer_ops/test_integer_ops integer_abs
Integer Ops,integer_ops/test_integer_ops integer_abs_diff
Integer Ops,integer_ops/test_integer_ops integer_add_sat
Integer Ops,integer_ops/test_integer_ops integer_sub_sat
Integer Ops,integer_ops/test_integer_ops integer_addAssign
Integer Ops,integer_ops/test_integer_ops integer_subtractAssign
Integer Ops,integer_ops/test_integer_ops integer_multiplyAssign
Integer Ops,integer_ops/test_integer_ops integer_divideAssign
Integer Ops,integer_ops/test_integer_ops integer_moduloAssign
Integer Ops,integer_ops/test_integer_ops integer_andAssign
Integer Ops,integer_ops/test_integer_ops integer_orAssign
Integer Ops,integer_ops/test_integer_ops integer_exclusiveOrAssign
Integer Ops,integer_ops/test_integer_ops unary_ops_increment
Integer Ops,integer_ops/test_integer_ops unary_ops_decrement
Integer Ops,integer_ops/test_integer_ops unary_ops_full
Integer Ops,integer_ops/test_integer_ops integer_mul24
Integer Ops,integer_ops/test_integer_ops integer_mad24
Integer Ops,integer_ops/test_integer_ops long_math
Integer Ops,integer_ops/test_integer_ops long_logic
Integer Ops,integer_ops/test_integer_ops long_shift
Integer Ops,integer_ops/test_integer_ops long_compare
Integer Ops,integer_ops/test_integer_ops ulong_math
Integer Ops,integer_ops/test_integer_ops ulong_logic
Integer Ops,integer_ops/test_integer_ops ulong_shift
Integer Ops,integer_ops/test_integer_ops ulong_compare
Integer Ops,integer_ops/test_integer_ops int_math
Integer Ops,integer_ops/test_integer_ops int_logic
Integer Ops,integer_ops/test_integer_ops int_shift
Integer Ops,integer_ops/test_integer_ops int_compare
Integer Ops,integer_ops/test_integer_ops uint_math
Integer Ops,integer_ops/test_integer_ops uint_logic
Integer Ops,integer_ops/test_integer_ops uint_shift
Integer Ops,integer_ops/test_integer_ops uint_compare
Integer Ops,integer_ops/test_integer_ops short_math
Integer Ops,integer_ops/test_integer_ops short_logic
Integer Ops,integer_ops/test_integer_ops short_shift
Integer Ops,integer_ops/test_integer_ops short_compare
Integer Ops,integer_ops/test_integer_ops ushort_math
Integer Ops,integer_ops/test_integer_ops ushort_logic
Integer Ops,integer_ops/test_integer_ops ushort_shift
Integer Ops,integer_ops/test_integer_ops ushort_compare
Integer Ops,integer_ops/test_integer_ops char_math
Integer Ops,integer_ops/test_integer_ops char_logic
Integer Ops,integer_ops/test_integer_ops char_shift
Integer Ops,integer_ops/test_integer_ops char_compare
Integer Ops,integer_ops/test_integer_ops uchar_math
Integer Ops,integer_ops/test_integer_ops uchar_logic
Integer Ops,integer_ops/test_integer_ops uchar_shift
Integer Ops,integer_ops/test_integer_ops uchar_compare
Integer Ops,integer_ops/test_integer_ops popcount
Integer Ops,integer_ops/test_integer_ops vector_scalar
Half Ops,half/test_half vstore_half -w
Half Ops,half/test_half vstorea_half -w
Half Ops,half/test_half vstore_half_rte -w
Half Ops,half/test_half vstorea_half_rte -w
Half Ops,half/test_half vstore_half_rtz -w
Half Ops,half/test_half vstorea_half_rtz -w
Half Ops,half/test_half vstore_half_rtp -w
Half Ops,half/test_half vstorea_half_rtp -w
Half Ops,half/test_half vstore_half_rtn -w
Half Ops,half/test_half vstorea_half_rtn -w
C11 Atomics,c11_atomics/test_c11_atomics atomic_init
C11 Atomics,c11_atomics/test_c11_atomics atomic_store
C11 Atomics,c11_atomics/test_c11_atomics atomic_load
C11 Atomics,c11_atomics/test_c11_atomics atomic_exchange
C11 Atomics,c11_atomics/test_c11_atomics atomic_compare_exchange_weak
C11 Atomics,c11_atomics/test_c11_atomics atomic_compare_exchange_strong
C11 Atomics,c11_atomics/test_c11_atomics atomic_fetch_add
C11 Atomics,c11_atomics/test_c11_atomics atomic_fetch_sub
C11 Atomics,c11_atomics/test_c11_atomics atomic_fetch_and
C11 Atomics,c11_atomics/test_c11_atomics atomic_fetch_or
C11 Atomics,c11_atomics/test_c11_atomics atomic_fetch_orand
C11 Atomics,c11_atomics/test_c11_atomics atomic_fetch_xor
C11 Atomics,c11_atomics/test_c11_atomics atomic_fetch_xor2
C11 Atomics,c11_atomics/test_c11_atomics atomic_fetch_min
C11 Atomics,c11_atomics/test_c11_atomics atomic_fetch_max
C11 Atomics,c11_atomics/test_c11_atomics atomic_flag
C11 Atomics,c11_atomics/test_c11_atomics atomic_fence
C11 Atomics,c11_atomics/test_c11_atomics svm_atomic_init
C11 Atomics,c11_atomics/test_c11_atomics svm_atomic_store
C11 Atomics,c11_atomics/test_c11_atomics svm_atomic_load
C11 Atomics,c11_atomics/test_c11_atomics svm_atomic_exchange
C11 Atomics,c11_atomics/test_c11_atomics svm_atomic_compare_exchange_weak
C11 Atomics,c11_atomics/test_c11_atomics svm_atomic_compare_exchange_strong
C11 Atomics,c11_atomics/test_c11_atomics svm_atomic_fetch_add
C11 Atomics,c11_atomics/test_c11_atomics svm_atomic_fetch_sub
C11 Atomics,c11_atomics/test_c11_atomics svm_atomic_fetch_and
C11 Atomics,c11_atomics/test_c11_atomics svm_atomic_fetch_or
C11 Atomics,c11_atomics/test_c11_atomics svm_atomic_fetch_orand
C11 Atomics,c11_atomics/test_c11_atomics svm_atomic_fetch_xor
C11 Atomics,c11_atomics/test_c11_atomics svm_atomic_fetch_xor2
C11 Atomics,c11_atomics/test_c11_atomics svm_atomic_fetch_min
C11 Atomics,c11_atomics/test_c11_atomics svm_atomic_fetch_max
C11 Atomics,c11_atomics/test_c11_atomics svm_atomic_flag
C11 Atomics,c11_atomics/test_c11_atomics svm_atomic_fence

Execution Model,device_execution/test_device_execution device_info
Execution Model,device_execution/test_device_execution device_queue
Execution Model,device_execution/test_device_execution execute_block
Execution Model,device_execution/test_device_execution enqueue_block
Execution Model,device_execution/test_device_execution enqueue_nested_blocks
Execution Model,device_execution/test_device_execution enqueue_wg_size
Execution Model,device_execution/test_device_execution enqueue_flags
Execution Model,device_execution/test_device_execution enqueue_multi_queue
Execution Model,device_execution/test_device_execution host_multi_queue
Execution Model,device_execution/test_device_execution enqueue_ndrange
Execution Model,device_execution/test_device_execution host_queue_order

Generic Address Space,generic_address_space/test_generic_address_space function_get_fence
Generic Address Space,generic_address_space/test_generic_address_space function_to_address_space
Generic Address Space,generic_address_space/test_generic_address_space variable_get_fence
Generic Address Space,generic_address_space/test_generic_address_space variable_to_address_space
Generic Address Space,generic_address_space/test_generic_address_space casting
Generic Address Space,generic_address_space/test_generic_address_space conditional_casting
Generic Address Space,generic_address_space/test_generic_address_space chain_casting
Generic Address Space,generic_address_space/test_generic_address_space ternary_operator_casting
Generic Address Space,generic_address_space/test_generic_address_space language_struct
Generic Address Space,generic_address_space/test_generic_address_space language_union
Generic Address Space,generic_address_space/test_generic_address_space multiple_calls_same_function
Generic Address Space,generic_address_space/test_generic_address_space compare_pointers
Generic Address Space,generic_address_space/test_generic_address_space library_function
Generic Address Space,generic_address_space/test_generic_address_space generic_variable_volatile
Generic Address Space,generic_address_space/test_generic_address_space generic_variable_const
Generic Address Space,generic_address_space/test_generic_address_space generic_variable_gentype
Generic Address Space,generic_address_space/test_generic_address_space builtin_functions
Generic Address Space,generic_address_space/test_generic_address_space generic_advanced_casting
Generic Address Space,generic_address_space/test_generic_address_space generic_ptr_to_host_mem
Generic Address Space,generic_address_space/test_generic_address_space generic_ptr_to_host_mem_svm
Generic Address Space,generic_address_space/test_generic_address_space max_number_of_params

Non Uniform Work Groups,non_uniform_work_group/test_non_uniform_work_group non_uniform_1d_basic
Non Uniform Work Groups,non_uniform_work_group/test_non_uniform_work_group non_uniform_1d_atomics
Non Uniform Work Groups,non_uniform_work_group/test_non_uniform_work_group non_uniform_1d_barriers
Non Uniform Work Groups,non_uniform_work_group/test_non_uniform_work_group non_uniform_2d_basic
Non Uniform Work Groups,non_uniform_work_group/test_non_uniform_work_group non_uniform_2d_atomics
Non Uniform Work Groups,non_uniform_work_group/test_non_uniform_work_group non_uniform_2d_barriers
Non Uniform Work Groups,non_uniform_work_group/test_non_uniform_work_group non_uniform_3d_basic
Non Uniform Work Groups,non_uniform_work_group/test_non_uniform_work_group non_uniform_3d_atomics
Non Uniform Work Groups,non_uniform_work_group/test_non_uniform_work_group non_uniform_3d_barriers
Non Uniform Work Groups,non_uniform_work_group/test_non_uniform_work_group non_uniform_other_basic
Non Uniform Work Groups,non_uniform_work_group/test_non_uniform_work_group non_uniform_other_atomics
Non Uniform Work Groups,non_uniform_work_group/test_non_uniform_work_group non_uniform_other_barriers

Pipes,pipes/test_pipes pipe_readwrite_int
Pipes,pipes/test_pipes pipe_readwrite_uint
Pipes,pipes/test_pipes pipe_readwrite_long
Pipes,pipes/test_pipes pipe_readwrite_ulong
Pipes,pipes/test_pipes pipe_readwrite_short
Pipes,pipes/test_pipes pipe_readwrite_ushort
Pipes,pipes/test_pipes pipe_readwrite_float
Pipes,pipes/test_pipes pipe_readwrite_half
Pipes,pipes/test_pipes pipe_readwrite_char
Pipes,pipes/test_pipes pipe_readwrite_uchar
Pipes,pipes/test_pipes pipe_readwrite_double
Pipes,pipes/test_pipes pipe_readwrite_struct
Pipes,pipes/test_pipes pipe_workgroup_readwrite_int
Pipes,pipes/test_pipes pipe_workgroup_readwrite_uint
Pipes,pipes/test_pipes pipe_workgroup_readwrite_long
Pipes,pipes/test_pipes pipe_workgroup_readwrite_ulong
Pipes,pipes/test_pipes pipe_workgroup_readwrite_short
Pipes,pipes/test_pipes pipe_workgroup_readwrite_ushort
Pipes,pipes/test_pipes pipe_workgroup_readwrite_float
Pipes,pipes/test_pipes pipe_workgroup_readwrite_half
Pipes,pipes/test_pipes pipe_workgroup_readwrite_char
Pipes,pipes/test_pipes pipe_workgroup_readwrite_uchar
Pipes,pipes/test_pipes pipe_workgroup_readwrite_double
Pipes,pipes/test_pipes pipe_workgroup_readwrite_struct
Pipes,pipes/test_pipes pipe_subgroup_readwrite_int
Pipes,pipes/test_pipes pipe_subgroup_readwrite_uint
Pipes,pipes/test_pipes pipe_subgroup_readwrite_long
Pipes,pipes/test_pipes pipe_subgroup_readwrite_ulong
Pipes,pipes/test_pipes pipe_subgroup_readwrite_short
Pipes,pipes/test_pipes pipe_subgroup_readwrite_ushort
Pipes,pipes/test_pipes pipe_subgroup_readwrite_float
Pipes,pipes/test_pipes pipe_subgroup_readwrite_half
Pipes,pipes/test_pipes pipe_subgroup_readwrite_char
Pipes,pipes/test_pipes pipe_subgroup_readwrite_uchar
Pipes,pipes/test_pipes pipe_subgroup_readwrite_double
Pipes,pipes/test_pipes pipe_subgroup_readwrite_struct
Pipes,pipes/test_pipes pipe_convenience_readwrite_int
Pipes,pipes/test_pipes pipe_convenience_readwrite_uint
Pipes,pipes/test_pipes pipe_convenience_readwrite_long
Pipes,pipes/test_pipes pipe_convenience_readwrite_ulong
Pipes,pipes/test_pipes pipe_convenience_readwrite_short
Pipes,pipes/test_pipes pipe_convenience_readwrite_ushort
Pipes,pipes/test_pipes pipe_convenience_readwrite_float
Pipes,pipes/test_pipes pipe_convenience_readwrite_half
Pipes,pipes/test_pipes pipe_convenience_readwrite_char
Pipes,pipes/test_pipes pipe_convenience_readwrite_uchar
Pipes,pipes/test_pipes pipe_convenience_readwrite_double
Pipes,pipes/test_pipes pipe_convenience_readwrite_struct
Pipes,pipes/test_pipes pipe_info
Pipes,pipes/test_pipes pipe_max_args
Pipes,pipes/test_pipes pipe_max_packet_size
Pipes,pipes/test_pipes pipe_max_active_reservations
Pipes,pipes/test_pipes pipe_query_functions
Pipes,pipes/test_pipes pipe_readwrite_errors

SVM,SVM/test_svm svm_byte_granularity
SVM,SVM/test_svm svm_set_kernel_exec_info_svm_ptrs
SVM,SVM/test_svm svm_fine_grain_memory_consistency
SVM,SVM/test_svm svm_fine_grain_sync_buffers
SVM,SVM/test_svm svm_shared_address_space_fine_grain
SVM,SVM/test_svm svm_shared_sub_buffers
SVM,SVM/test_svm svm_shared_address_space_fine_grain_buffers
SVM,SVM/test_svm svm_allocate_shared_buffer
SVM,SVM/test_svm svm_shared_address_space_coarse_grain_old_api
SVM,SVM/test_svm svm_shared_address_space_coarse_grain_new_api
SVM,SVM/test_svm svm_cross_buffer_pointers_coarse_grain
SVM,SVM/test_svm svm_pointer_passing
SVM,SVM/test_svm svm_enqueue_api
SVM,SVM/test_svm svm_migrate

Device timer,device_timer/test_device_timer timer_resolution_queries
Device timer,device_timer/test_device_timer device_and_host_timers
SPIRV new,spirv_new/test_spirv_new ext_cl_khr_spirv_no_integer_wrap_decoration_fadd_int
SPIRV new,spirv_new/test_spirv_new ext_cl_khr_spirv_no_integer_wrap_decoration_fsub_int
SPIRV new,spirv_new/test_spirv_new ext_cl_khr_spirv_no_integer_wrap_decoration_fmul_int
SPIRV new,spirv_new/test_spirv_new ext_cl_khr_spirv_no_integer_wrap_decoration_fshiftleft_int
SPIRV new,spirv_new/test_spirv_new ext_cl_khr_spirv_no_integer_wrap_decoration_fnegate_int
SPIRV new,spirv_new/test_spirv_new ext_cl_khr_spirv_no_integer_wrap_decoration_fadd_uint
SPIRV new,spirv_new/test_spirv_new ext_cl_khr_spirv_no_integer_wrap_decoration_fsub_uint
SPIRV new,spirv_new/test_spirv_new ext_cl_khr_spirv_no_integer_wrap_decoration_fmul_uint
SPIRV new,spirv_new/test_spirv_new ext_cl_khr_spirv_no_integer_wrap_decoration_fshiftleft_uint
SPIRV new,spirv_new/test_spirv_new op_vector_times_scalar_double

SPIR (cl_khr_spir),spir/test_spir conversions_double no-unzip
Mipmaps (Kernel),images/kernel_read_write/test_image_streams test_mipmaps CL_FILTER_NEAREST
Mipmaps (clCopyImage),images/clCopyImage/test_cl_copy_images
Mipmaps (clReadWriteImage),images/clReadWriteImage/test_cl_read_write_images test_mipmaps
